{
  "Compatibility": "Untested",
  "Contributors": {
    "Developer": [ "Panoptes (Xel)" ],
    "Manual": [ "DragonManiac" ]
  },
  "DefuserDifficulty": "Medium",
  "Description": "Identify three letters from several languages that have been rotated and stacked together. Tags: 3-leds, arrow-buttons, deliver, scrambled-text, gibberish",
  "ExpertDifficulty": "Easy",
  "ModuleID": "xelLetterLayers",
  "Name": "Letter Layers",
  "Origin": "Mods",
  "Published": "2020-11-13",
  "SortKey": "LETTERLAYERS",
  "SourceUrl": "https://github.com/Mirage-Xel/xelLetterLayers",
  "Souvenir": {
    "Explanation": "Souvenir could ask about the letters displayed in each stage.",
    "Status": "Considered"
  },
  "SteamID": "2285657060",
  "Symbol": "Lly",
  "Type": "Regular"
}